Region code,Region name ,Code,Name,1997,1998,,1999,2000,2001,2002,2003,2004,2005,2006,2007,2008,2009,2010,2011,2012,2013,2014,2015,2016,2017,2018,2019,2020
E12000001,North East,E06000001,Hartlepool,2.64,2.74,,2.85,3.02,2.75,2.9,3.2,3.19,2.88,4.2,5.02,5.23,4.7,4.73,4.48,4.14,4.26,4.65,4.7,4.6,4.8,4.82,5,4.57
E12000001,North East,E06000002,Middlesbrough,2.83,2.74,,2.89,2.73,2.58,2.47,2.56,3.49,4.17,4.9,5.27,4.69,4.87,5.03,4.67,4.26,4.48,5.01,5.01,5.09,4.88,5.28,5.15,4.96
E12000001,North East,E06000003,Redcar and Cleveland,2.34,2.45,,2.12,2.21,2.39,2.69,3.4,3.64,3.99,5.02,5.09,4.74,4.52,4.97,4.41,4.86,4.62,4.65,4.67,5.31,5.11,5.11,5.03,5.11
E12000001,North East,E06000004,Stockton-on-Tees,2.96,2.93,,3.05,3.06,3.07,3.53,4.29,4.84,5.38,5.72,5.84,5.79,5.19,5.53,5.25,5.34,5.28,5.3,5.33,5.02,5.64,5.5,5.04,4.85
E12000001,North East,E06000005,Darlington,3.04,3.46,,3.14,3.24,3.19,3.18,3.94,5.2,6.04,5.72,5.35,5.45,5.3,5.62,5.14,5.05,5.64,4.9,4.93,4.93,5.37,5.34,5.02,5.18
E12000001,North East,E06000047,County Durham,:,:,,:,:,:,:,3.38,4.4,4.85,5.61,5.43,5.47,4.93,5.12,4.64,4.54,4.47,4.64,4.57,4.59,4.54,4.53,4.59,4.42
E12000001,North East,E06000057,Northumberland,:,:,,:,:,:,:,4.72,5.96,6.45,6.51,6.75,6.93,6.05,6.3,6.36,5.87,6.04,6.53,6.5,6.26,6.42,6.59,6.56,6.01
E12000001,North East,E08000021,Newcastle upon Tyne,3.08,3.29,,3.31,3,3.3,3.95,5.03,6.19,5.75,6.51,6.61,6.43,5.43,5.62,5.36,5.22,5.43,5.44,5.55,5.78,5.47,5.75,5.71,5.52
E12000001,North East,E08000022,North Tyneside,3.4,3.37,,3.5,3.3,3.24,3.31,4.41,5.46,5.88,6.22,6.67,5.94,5.46,5.69,5.43,5.44,5.48,5.75,6.06,6.12,6.3,6.11,6.04,6.22
E12000001,North East,E08000023,South Tyneside,2.98,2.72,,2.74,2.77,2.63,2.78,3.58,4.57,5.27,5.31,5.81,5.4,5.12,5.96,4.56,4.71,4.8,4.89,5.29,5.89,5.73,5.8,5.56,4.92
E12000001,North East,E08000024,Sunderland,2.94,2.83,,2.87,2.89,2.75,3.12,3.71,4.68,4.9,5.09,5.21,4.98,4.65,4.72,4.62,4.63,4.54,4.59,4.75,4.62,4.78,4.87,4.79,4.39
E12000001,North East,E08000037,Gateshead,:,:,,:,:,:,:,4.2,4.83,4.72,5.66,5.75,5.73,5.56,5.22,4.76,4.5,4.89,4.88,5.07,5.19,5.25,5.32,5.35,5.41
E12000002,North West,E06000006,Halton,2.83,2.7,,2.74,2.8,3.02,2.91,3.71,4.44,4.87,4.59,5.1,4.66,4.63,4.68,4.7,4.57,4.75,4.66,4.55,4.92,4.76,4.79,4.92,4.84
E12000002,North West,E06000007,Warrington,3.33,3.45,,3.61,3.6,3.75,4.5,4.93,6.43,6.37,6.69,5.83,5.46,5.19,5.66,5.53,5.38,5.77,5.71,5.99,6.14,6.35,6.31,6.75,6.27
E12000002,North West,E06000008,Blackburn with Darwen,2.31,2.28,,2.45,2.46,2.23,2.39,2.66,3.18,3.66,4.08,4.77,4.49,4.28,4.25,4.03,4.09,3.94,4.07,4.39,4.15,4.25,4.96,4.77,4.85
E12000002,North West,E06000009,Blackpool,3,3.13,,2.97,3.03,3.07,3.26,3.68,4.77,5.3,5.88,6.21,6.28,5.15,5.63,5.04,4.62,4.73,4.84,4.66,5.05,4.65,4.53,4.45,4.76
E12000002,North West,E06000049,Cheshire East,:,:,,:,:,:,:,6.03,6.68,6.8,7.04,6.99,7.05,6.75,7.4,6.8,6.83,6.82,7.14,7.4,7.43,7.65,8.05,8.04,7.77
E12000002,North West,E06000050,Cheshire West and Chester,:,:,,:,:,:,:,4.97,5.92,6.27,6.48,6.79,6.65,6.05,6.49,6.5,6.24,6.84,6.92,7.14,7.11,7.19,6.99,6.9,7.32
E12000002,North West,E07000026,Allerdale,3.17,3.27,,3.4,3.48,3.3,3.6,4.31,5.48,5.72,6.44,6.77,6.48,6.01,6.29,6.61,6.49,6.24,6.23,6.57,6.02,6.47,6.65,6.69,6.06
E12000002,North West,E07000027,Barrow-in-Furness,2.13,2.03,,1.87,2.05,1.82,2.27,2.5,2.81,3.42,3.6,4.04,3.83,3.65,3.87,3.67,3.22,3.2,3.32,3.89,3.82,3.71,3.54,3.59,3.47
E12000002,North West,E07000028,Carlisle,3.08,3.22,,3.32,3.31,3.08,3.11,3.98,4.94,5.39,5.81,5.75,5.53,5.35,5.44,5.32,5.49,5.08,5.3,5.33,5.37,5.28,5.52,5.34,4.78
E12000002,North West,E07000029,Copeland,1.96,1.85,,1.91,1.71,1.7,1.7,1.82,2.33,2.94,3.18,3.11,3.04,2.79,3.31,2.87,2.54,2.63,2.66,2.59,2.87,2.72,2.51,2.78,2.62
E12000002,North West,E07000030,Eden,4.3,4.84,,4.95,5.29,5.22,4.94,6.78,9.53,8.12,8.15,9.22,8.54,8.87,8.85,8.26,7.26,6.46,7.54,7.68,7.8,7.49,8.58,7.51,7.16
E12000002,North West,E07000031,South Lakeland,3.82,4.3,,4.71,4.71,5.04,5.76,6.96,8.57,9.15,9.36,9.37,9.61,8.99,8.94,9.41,9.31,8.62,8.97,9.11,9.08,9.71,8.32,9.91,9.89
E12000002,North West,E07000117,Burnley,2.04,2.29,,2.19,2.06,2,1.66,1.67,2.04,2.42,3.05,3.62,3.76,3.74,3.76,3.59,3.41,3.31,3.82,3.68,3.92,3.87,4,3.92,3.98
E12000002,North West,E07000118,Chorley,3.45,3.56,,3.47,3.72,3.74,4.24,4.88,6.29,7.01,6.58,5.91,6.06,5.84,6.24,6.46,6.21,6.44,6.3,6.65,6.87,6.91,6.61,6.83,6.28
E12000002,North West,E07000119,Fylde,2.95,2.93,,3.14,3.04,3.18,3.66,4.75,5.72,6.11,6.35,6.43,5.8,5.2,5.75,5.42,6.69,6.97,5.43,5.32,5.81,5.87,5.4,5.45,5.83
E12000002,North West,E07000120,Hyndburn,2.35,2.1,,2.55,2.55,2.65,2.25,2.45,3.41,3.71,4.36,4.97,4.61,4.04,3.93,4.05,4.38,3.92,3.92,4.05,4.14,4.14,4.23,3.74,3.66
E12000002,North West,E07000121,Lancaster,2.75,2.82,,2.89,2.82,2.84,2.96,3.82,4.73,5.4,5.62,5.61,5.87,5.18,5.57,4.97,5.17,5.03,5.42,5.35,5.14,5.42,5.73,5.67,5.48
E12000002,North West,E07000122,Pendle,2.1,2.19,,2.14,2.24,2,2.15,2.35,3.16,3.17,3.96,4.64,4.35,4.27,4.2,3.8,3.67,3.74,3.86,3.83,3.87,4.04,3.66,4.41,4.82
E12000002,North West,E07000123,Preston,3.05,2.86,,2.8,2.69,2.93,3.45,3.81,4.71,5.58,5.7,5.95,5.37,4.88,4.71,5.08,5.36,5.04,5.33,5.08,4.9,5.39,5.21,5.31,5.57
E12000002,North West,E07000124,Ribble Valley,3.6,3.66,,3.93,4.44,4.09,4.24,6.38,8.63,7.28,8.19,7.69,7.9,7.09,7.69,6.97,7.03,7.36,6.83,6.57,7.59,6.76,7.11,7.06,6.03
E12000002,North West,E07000125,Rossendale,2.68,3.23,,3.18,3.05,3.22,3.27,4,5.35,5.88,6.3,6.65,6.66,5.64,6.13,5.74,4.94,5.4,5.94,5.78,6.27,6.43,5.88,5.63,5.35
E12000002,North West,E07000126,South Ribble,3.01,3.09,,3.2,3.15,3.39,3.55,4.45,6.13,6.21,6.14,6.04,5.87,6.41,6.55,6.05,5.89,5.96,6.54,6.31,6.28,6.12,6.58,5.81,5.43
E12000002,North West,E07000127,West Lancashire,3.28,3.55,,3.88,3.76,4.12,4.53,5.54,6.34,6.32,7.03,7.15,7.27,6.85,6.91,6.49,6.78,6.96,7.16,6.47,6.47,6.51,6.54,6.7,6.22
E12000002,North West,E07000128,Wyre,3.69,3.83,,3.72,4.21,4.03,4.71,5.27,6.54,7.2,7.52,7.88,6.22,6.53,7.67,7.02,6.39,6.46,6.46,6.09,6.31,6.69,6.54,6.09,6.29
E12000002,North West,E08000001,Bolton,2.86,2.91,,2.83,2.89,2.9,3.23,3.5,4.34,5.14,5.62,5.72,5.68,5.1,5.06,4.76,4.84,4.76,5.12,5.11,5.07,5.26,5.35,5.34,5.71
E12000002,North West,E08000002,Bury,2.98,2.92,,3.04,3.12,3.28,3.49,4.22,5.18,6.23,6.16,5.97,5.56,5.12,5.41,5.06,5.18,5.15,5.44,5.78,5.9,6.57,6.23,6.83,6.65
E12000002,North West,E08000003,Manchester,2.3,2.49,,2.46,2.58,2.73,3.29,3.54,4.19,4.68,5.33,5.31,5.13,4.54,4.67,4.86,4.61,4.48,4.77,5.1,5.18,5.36,5.67,5.84,5.91
E12000002,North West,E08000004,Oldham,2.79,2.87,,2.85,2.68,2.71,2.91,3.44,3.95,4.68,5.17,6.01,5.75,5.04,4.97,4.76,5.11,5.29,5.24,5.18,5.31,5.59,5.11,5.36,5.11
E12000002,North West,E08000005,Rochdale,2.61,2.67,,2.83,2.75,2.79,3.05,3.47,4.18,4.8,5.09,5.67,5.5,4.74,5.3,4.87,5.04,5.08,5.56,5.54,5.46,5.63,5.53,5.58,5.58
E12000002,North West,E08000006,Salford,2.5,2.54,,2.57,2.61,2.56,2.59,3.43,4.22,4.96,5.03,5.54,5.46,4.92,4.81,4.33,4.3,4.33,4.47,4.6,5.07,5.66,5.84,5.7,5.47
E12000002,North West,E08000007,Stockport,3.57,3.46,,3.77,3.88,4.06,4.42,5.39,6.13,6.36,6.58,6.64,6.71,5.9,6.39,5.99,5.88,5.89,6.71,6.87,7.21,7.55,7.99,7.74,8.02
E12000002,North West,E08000008,Tameside,2.84,2.8,,2.87,2.98,2.96,3.08,3.84,4.69,5.13,5.82,5.91,5.81,4.91,5.29,5.11,4.68,5.13,5.46,5.75,5.56,5.55,6.07,6.31,6.34
E12000002,North West,E08000009,Trafford,3.72,3.68,,3.85,4.15,4.41,5.35,5.85,6.75,7.16,7.28,7.42,7.05,6.35,6.9,6.89,6.71,7.4,7.58,8.16,8.56,8.95,9.28,9.43,9.72
E12000002,North West,E08000010,Wigan,2.83,3,,2.99,2.82,2.89,3.13,3.55,4.51,4.84,5.31,5.29,5.2,4.89,4.92,4.97,5.11,4.72,5.35,5.2,5.17,5.37,5.37,5.8,5.61
E12000002,North West,E08000011,Knowsley,2.52,2.7,,2.75,2.86,2.8,3.24,3.36,4.64,5.35,5.61,5.13,5.19,4.43,4.67,4.58,4.32,4.15,4.07,5,4.41,4.57,4.11,5.22,4.2
E12000002,North West,E08000012,Liverpool,2.49,2.33,,2.48,2.42,2.67,2.83,3.16,4.1,4.6,5.01,5.23,4.9,4.55,4.49,4.22,4.27,4.17,4.24,4.36,4.43,4.63,4.66,4.28,4.06
E12000002,North West,E08000013,St. Helens,2.85,2.86,,2.9,2.93,3.08,3.25,3.67,4.89,5.34,5.6,5.88,5.28,4.72,4.76,4.91,4.86,4.72,5.37,5.24,5.34,5.64,5.3,4.86,5.16
E12000002,North West,E08000014,Sefton,3.7,3.72,,3.74,3.8,3.95,4.49,5.06,6.17,6.33,7.06,6.91,6.51,6.86,6.66,6.54,5.99,5.8,6.25,6.19,6.61,6.55,6.5,6.56,6.46
E12000002,North West,E08000015,Wirral,3.02,3,,3.13,3.31,3.28,3.73,4.68,5.74,5.74,6.28,6.64,6.44,5.93,6.09,6.17,6.07,5.63,5.6,5.4,5.7,5.92,6.22,6.21,6.19
E12000003,Yorkshire and The Humber,E06000010,"Kingston upon Hull, City of",2.18,2.16,,2.2,2.19,2.19,2.22,2.65,3.09,3.28,3.81,4.12,4.07,3.68,3.97,3.71,3.81,3.89,4.09,4.14,4.11,4.61,4.34,4.36,4.2
E12000003,Yorkshire and The Humber,E06000011,East Riding of Yorkshire,3.32,3.28,,3.47,3.27,3.4,3.95,4.75,6.05,6.23,6.1,6.09,6.29,5.64,5.88,5.95,5.87,5.65,6.11,6.37,6.51,6.61,6.65,6.51,6.37
E12000003,Yorkshire and The Humber,E06000012,North East Lincolnshire,2.53,2.38,,2.5,2.55,2.68,2.79,2.87,3.9,4.01,4.72,5.14,5.13,4.55,5.25,4.82,4.49,4.45,5.16,4.91,4.96,5.79,5.65,5.25,5.15
E12000003,Yorkshire and The Humber,E06000013,North Lincolnshire,2.55,2.34,,2.4,2.46,2.66,2.67,3.21,4.03,4.53,4.72,5.24,5.05,4.82,4.64,4.45,4.28,4.18,4.3,4.49,4.48,4.82,4.77,4.92,4.77
E12000003,Yorkshire and The Humber,E06000014,York,3.71,3.56,,3.64,3.72,4.27,4.99,6.22,6.5,6.94,7.32,7.11,7.16,6.48,7.11,7.01,6.74,6.52,7.34,8.2,8.3,8.61,8.87,8.22,8.04
E12000003,Yorkshire and The Humber,E07000163,Craven,4.76,4.27,,4.35,4.29,4.53,4.96,6.04,7.11,7.7,10.1,8.81,7.35,7.68,7.91,8.05,7.79,7.28,7.24,8.12,7.71,7.92,7.49,7.63,8.3
E12000003,Yorkshire and The Humber,E07000164,Hambleton,4.86,4.78,,4.53,5.06,5.53,6.44,7.27,8.87,9.44,8.89,8.74,8.76,7.61,8.54,8.44,8.01,8.82,8.84,8.85,8.99,9.59,9.06,8.96,9.05
E12000003,Yorkshire and The Humber,E07000165,Harrogate,4.46,4.5,,4.85,5.19,5.67,6.75,7.87,8.82,8.75,8.99,9.66,9.7,7.96,8.95,9.15,9.56,8.62,9.05,10.06,10.15,10.29,10.22,9.13,10.19
E12000003,Yorkshire and The Humber,E07000166,Richmondshire,4.22,4.72,,4.52,4.92,5.24,5.79,7.35,8.26,8.94,9.14,7.94,8.6,8.15,10.02,9.84,7.41,7.52,7.25,8.1,7.4,7.25,7.38,7.41,7.83
E12000003,Yorkshire and The Humber,E07000167,Ryedale,4.86,4.28,,4.44,4.78,5.61,6.02,7.58,9.53,10.89,10.06,10.32,9.85,8.31,9.03,8.79,8.98,8.64,8.61,8.44,8.96,8.97,9.36,8.96,9.24
E12000003,Yorkshire and The Humber,E07000168,Scarborough,4.11,3.77,,3.55,3.8,3.53,4.35,4.89,6.34,7.14,7.64,7.54,7.14,6.14,6.29,6.29,6.21,6.42,6.08,5.82,5.91,6.33,6.66,6.17,6.37
E12000003,Yorkshire and The Humber,E07000169,Selby,3.46,3.44,,3.49,3.75,3.57,4.04,5.62,6.13,6.84,6.94,7.15,6,5.4,5.7,5.76,5.98,5.93,5.73,5.97,6.42,6.77,6.68,6.72,7.17
E12000003,Yorkshire and The Humber,E08000016,Barnsley,2.63,2.77,,2.72,2.75,2.53,2.7,3.16,4.21,4.82,5.18,5.39,5.24,4.41,4.47,4.35,4.48,4.46,4.73,4.44,4.64,4.9,5.14,4.87,4.99
E12000003,Yorkshire and The Humber,E08000017,Doncaster,2.63,2.81,,2.92,2.71,2.66,2.89,3.54,4.64,5.2,5.14,5.18,4.94,4.74,4.84,4.54,4.45,4.57,4.76,5.31,5.07,5.19,4.79,4.95,4.92
E12000003,Yorkshire and The Humber,E08000018,Rotherham,2.72,2.52,,2.84,2.76,2.87,3.25,3.83,4.41,4.88,5.76,5.54,5.53,4.85,5,4.84,5.11,5.15,5.16,5.08,5.35,5.22,5.41,5.32,5.2
E12000003,Yorkshire and The Humber,E08000019,Sheffield,2.84,2.79,,3,2.96,3.17,3.47,4.19,5.03,5.29,5.61,5.93,5.48,5.09,5.45,5.17,5,4.87,5.18,5.28,5.22,5.52,5.66,5.65,5.79
E12000003,Yorkshire and The Humber,E08000032,Bradford,2.98,2.85,,2.83,2.85,2.87,2.95,3.49,4.36,5.07,5.74,5.95,5.61,5.06,5.26,5.4,5.04,4.98,5.1,5.22,5.07,5.17,5.21,5.22,5.01
E12000003,Yorkshire and The Humber,E08000033,Calderdale,2.79,2.8,,2.75,2.74,2.67,2.99,3.39,4.05,4.66,5.4,5.71,5.4,4.65,5.31,4.85,4.95,5.06,4.98,5.18,5.14,5.02,5.09,5.33,5.35
E12000003,Yorkshire and The Humber,E08000034,Kirklees,2.95,2.94,,3.02,3.13,3,3.27,3.98,5.13,5.5,5.82,6.02,6.1,5.63,5.61,5.52,5.29,5.36,5.35,5.75,5.68,5.69,5.76,5.84,5.8
E12000003,Yorkshire and The Humber,E08000035,Leeds,3.36,3.34,,3.43,3.39,3.66,4.12,4.77,5.71,5.86,6.01,6.24,5.99,5.24,5.7,5.63,5.56,5.43,5.65,5.72,5.77,6,6.24,6.14,6.34
E12000003,Yorkshire and The Humber,E08000036,Wakefield,2.94,2.91,,2.95,2.91,2.94,3.27,4.04,4.84,5.33,5.38,5.43,5.07,4.97,5.31,4.97,4.74,4.89,5.11,5.35,5.51,5.79,5.61,5.63,5.61
E12000004,East Midlands,E06000015,Derby,2.52,2.23,,2.33,2.52,2.51,2.87,3.3,4.11,4.4,4.49,5.71,4.47,3.77,3.87,3.82,3.73,3.73,3.88,4.03,4.44,4.5,4.28,4.22,4.17
E12000004,East Midlands,E06000016,Leicester,2.58,2.59,,2.74,2.72,2.96,3.51,4.49,5.66,5.55,5.68,5.55,5.44,5.01,4.88,5.01,4.88,4.78,4.92,5.33,5.56,6.03,6.62,6.82,6.37
E12000004,East Midlands,E06000017,Rutland,5.31,5.48,,5.83,5.72,6.69,8.04,7.93,8.99,9.58,9.63,8.86,9.7,7.74,9.27,9.13,9.36,9.3,9.19,10.34,9.67,9.72,9.91,8.93,10.03
E12000004,East Midlands,E06000018,Nottingham,2.59,2.66,,2.69,2.57,2.67,3.27,4.25,4.47,4.78,5.01,4.83,4.69,3.99,4.08,3.97,3.87,3.95,4.28,4.33,4.6,4.98,5.13,4.91,5.16
E12000004,East Midlands,E07000032,Amber Valley,2.98,3.05,,3.21,3.32,3.45,3.99,4.96,5.49,5.54,5.85,6.02,5.41,5.03,5.71,5.4,4.71,5.2,5.36,5.69,5.59,5.39,5.94,5.95,6.19
E12000004,East Midlands,E07000033,Bolsover,2.7,2.65,,2.66,2.8,2.65,2.55,3.21,3.71,4.74,4.81,4.6,4.98,4.56,4.91,4.41,4.2,4.26,4.6,4.94,5.28,5.59,5.4,5.57,4.9
E12000004,East Midlands,E07000034,Chesterfield,2.72,2.78,,3,2.9,3.34,3.36,4.03,5.21,5.32,5.54,5.73,5.81,4.77,4.75,4.34,4.6,5.1,4.97,5.15,5.35,5.68,5.75,5.66,5.86
E12000004,East Midlands,E07000035,Derbyshire Dales,4.66,4.9,,4.84,4.58,5.05,6.43,6.62,8.61,9.41,9.13,9.93,8.56,8.22,8.87,8.59,8.13,8.61,8.55,9.07,8.97,9.35,9.21,9.69,10.19
E12000004,East Midlands,E07000036,Erewash,2.98,2.97,,3.08,3.12,3.26,3.89,4.44,4.95,5.9,6.2,6.14,5.95,5.49,5.53,5.85,5.21,4.94,5.39,5.81,5.24,5.5,5.9,6.18,6.13
E12000004,East Midlands,E07000037,High Peak,3.64,3.65,,3.65,3.63,3.84,4.39,5.83,6.6,6.7,6.65,7.46,6.75,5.89,5.73,6.27,6.32,5.99,6.99,6.91,7.07,7.28,7.76,7.46,7.25
E12000004,East Midlands,E07000038,North East Derbyshire,3.45,3.36,,3.56,3.67,3.38,3.82,4.43,5.9,6.3,5.99,5.87,5.8,5.77,5.89,5.98,6.24,6.16,6.94,7.72,7.41,7.31,6.44,7.17,7.41
E12000004,East Midlands,E07000039,South Derbyshire,3.05,3.26,,3.74,4.7,4.54,4.22,6.02,6.09,6.21,5.98,5.64,5.7,5.6,6.88,5.85,6.25,5.83,6.04,6.45,7.2,7.45,7.13,7.29,6.95
E12000004,East Midlands,E07000129,Blaby,3.11,3.26,,3.94,3.65,3.92,4.42,5.66,5.93,6.26,6.49,6.62,6.25,5.34,5.6,5.82,6.23,6.59,6.53,6.97,7.48,7.69,7.72,8.13,7.25
E12000004,East Midlands,E07000130,Charnwood,3.19,3.29,,3.49,3.39,3.64,4.1,5.4,6.15,6.34,6.18,6.58,6.22,5.41,5.81,5.87,6.02,6.06,6.33,6.71,6.73,7.3,7.2,7.7,7.68
E12000004,East Midlands,E07000131,Harborough,4.13,4.37,,4.6,5.33,5.56,6.27,8.3,8.46,8.2,8.75,8.8,8.04,6.83,7.74,7.55,7.83,7.52,8.04,8.91,9,9.66,10.14,10.82,9.67
E12000004,East Midlands,E07000132,Hinckley and Bosworth,3.47,3.48,,3.97,4.15,4.22,4.54,5.72,6.42,6.51,6.79,6.7,6.32,6.18,6.43,6.38,5.79,5.55,6.3,6.8,7.1,7.26,7.17,7.3,7.05
E12000004,East Midlands,E07000133,Melton,3.13,3.58,,4.2,3.96,4.06,5.62,6.23,6.56,7.45,7.02,7.86,6.88,6.7,7.13,7.17,6.93,7.23,7.93,7.46,7.54,7.73,8.35,8.67,8.84
E12000004,East Midlands,E07000134,North West Leicestershire,3.25,3.2,,3.31,3.75,4.09,4.76,6.04,6.26,7.03,6.6,7.02,6.13,5.84,6.16,5.9,5.52,6.02,6.61,7.17,6.93,7.38,7.89,7.2,7.68
E12000004,East Midlands,E07000135,Oadby and Wigston,3.51,3.76,,3.73,4.11,4.62,4.71,5.91,6.44,6.92,6.52,7.5,7.7,6.51,7.17,7.53,6.69,6.73,6.94,7.41,7.7,7.82,8.15,8.83,9.35
E12000004,East Midlands,E07000136,Boston,3.02,2.87,,2.92,2.76,3.49,3.98,4.88,6.41,6.4,6.39,6.55,6.31,5.61,5.76,5.61,5.74,5.68,5.99,6.5,6.31,7.14,6.92,6.78,6.82
E12000004,East Midlands,E07000137,East Lindsey,3.43,3.45,,3.55,3.75,3.99,4.65,5.73,7.31,7.61,7.69,8.15,7.29,6.07,6.61,6.53,6.11,5.63,5.77,6.06,5.91,6.46,6.48,6.64,6.6
E12000004,East Midlands,E07000138,Lincoln,2.45,2.53,,2.49,2.5,2.64,3,4.22,5.02,5.42,5.56,5.99,5.73,4.95,5.01,5.01,4.92,4.94,4.91,5.52,5.39,5.54,5.41,5.81,5.55
E12000004,East Midlands,E07000139,North Kesteven,3.48,3.41,,3.88,3.99,4.47,5.36,7.35,7.25,7.96,8.01,7.5,8.06,7.05,6.86,7.11,6.8,6.59,6.61,7.25,7.53,7.46,7.39,7.54,6.91
E12000004,East Midlands,E07000140,South Holland,3.41,3.42,,3.53,4.04,4.38,4.57,5.52,6.99,7.07,6.92,7.42,6.66,6.09,5.92,6.07,6.16,5.96,6.58,6.86,6.95,7.09,7.77,7.37,7.26
E12000004,East Midlands,E07000141,South Kesteven,3.61,3.86,,4.15,4.27,4.67,5.15,6.89,7.55,8.46,7.86,8.14,7.9,6.3,7.04,6.91,6.95,6.7,7.76,7.69,8.42,8.76,9.02,8.52,7.93
E12000004,East Midlands,E07000142,West Lindsey,3.91,3.45,,3.62,3.25,3.78,4.06,4.98,6.6,6.37,6.43,7.8,7.1,6.07,6.22,6.2,5.9,5.7,6.57,6.49,5.78,5.99,6.37,6.47,6.25
E12000004,East Midlands,E07000150,Corby,2.47,2.53,,2.47,2.59,2.42,2.75,3.52,4.4,5.46,5.54,5.41,6.07,5.35,5.35,5.21,5.08,5.48,5.51,5.88,5.96,6.38,6.83,7.19,6.18
E12000004,East Midlands,E07000151,Daventry,3.43,4.36,,4.57,4.88,5.77,6.24,6.87,7.14,7.09,7.01,7.63,8.57,7.34,7.28,7.19,6.86,6.87,7.82,7.99,10.29,10.22,10.21,9.28,9.21
E12000004,East Midlands,E07000152,East Northamptonshire,3.15,3.5,,3.41,3.64,4.15,4.94,6.59,7.87,7.15,7.23,6.8,7.05,6.58,7.52,6.83,6.32,5.73,6.71,6.81,7.93,8.29,8.59,8,7.66
E12000004,East Midlands,E07000153,Kettering,2.74,2.73,,3.28,3.5,3.83,4.27,5.48,6.17,6.68,7.05,6.75,6.52,5.72,6.13,5.77,5.25,5.86,6.04,6.08,6.56,7.02,7.86,7.49,7.14
E12000004,East Midlands,E07000154,Northampton,3.1,3.35,,3.28,3.55,3.87,4.17,5.26,5.63,5.89,5.97,6.15,6.02,5.1,5.65,5.25,5.36,5.26,6.14,6.69,6.84,7.28,7.6,7.01,7
E12000004,East Midlands,E07000155,South Northamptonshire,4.92,5.38,,5.04,6.12,6.43,6.76,7.07,7.77,8.53,8.18,8.5,7.98,7.92,8.12,7.82,9.11,8.46,8.55,9.85,10.72,10.3,10.56,10,10.33
E12000004,East Midlands,E07000156,Wellingborough,2.88,2.91,,3.25,3.21,3.64,4.43,4.63,5.64,6.21,6.09,6.54,6.63,5.85,6.33,5.5,5.79,6.18,6.25,7.26,7.27,7.49,7.47,7.99,7.48
E12000004,East Midlands,E07000170,Ashfield,2.78,3.01,,2.99,3.06,2.84,3.2,3.99,4.97,4.97,5.15,5.66,5.2,4.45,4.47,5.04,4.91,5.03,5.27,5.6,5.25,5.56,5.04,5.76,5.3
E12000004,East Midlands,E07000171,Bassetlaw,2.85,2.82,,3.19,3.33,3.32,3.92,4.29,5.17,6.1,5.99,6.27,5.92,5.21,5.73,5.62,5.14,5.17,5.38,5.9,5.84,6.1,6.23,6.42,6.35
E12000004,East Midlands,E07000172,Broxtowe,3.11,3.16,,3.3,3.46,3.65,4.42,4.88,5.86,6.01,5.74,5.82,5.71,5.37,5.88,5.7,5.82,5.69,5.5,5.38,5.89,6.04,6.81,6.76,7.76
E12000004,East Midlands,E07000173,Gedling,2.93,3.18,,3.4,3.4,3.75,4.14,5.14,5.68,5.42,6.07,5.08,5.29,4.82,5.72,6.67,4.8,4.4,4.69,6.36,6.25,5.41,5.29,6.26,6.59
E12000004,East Midlands,E07000174,Mansfield,2.94,3.01,,3.24,3.13,2.96,3.48,4.2,5.02,5.62,5.39,5.49,5.18,4.84,5.35,5.31,5.27,5.29,5.53,5.89,6.19,6.03,5.98,6.26,5.83
E12000004,East Midlands,E07000175,Newark and Sherwood,3.42,3.54,,4.15,4.08,4.01,4.14,6.05,6.74,7.1,6.48,6.82,6.5,6.11,7,6.29,6.35,6.15,6.49,6.71,6.73,7.28,7.77,8.12,7.03
E12000004,East Midlands,E07000176,Rushcliffe,4.29,4.13,,4.25,4.81,5.59,5.46,6.69,7.44,7.33,7.97,8.19,7.36,7.1,7.06,7.49,7.71,7.39,7.2,8.38,9.08,9.94,8.93,9.23,9.29
E12000005,West Midlands,E06000019,"Herefordshire, County of",:,4.46,,5.03,5.34,5.45,6.36,7.61,8.37,8.69,8.82,9.08,8.97,8.66,9.39,9.19,9.22,8.8,9.1,9.66,8.86,9.5,9.81,9.29,8.95
E12000005,West Midlands,E06000020,Telford and Wrekin,3.12,3.17,,3.6,3.47,3.81,4.01,4.65,5.69,5.98,6.15,5.65,5.66,5.94,6.2,6.14,5.78,5.72,5.83,5.61,6.1,6.44,6.19,6.03,5.89
E12000005,West Midlands,E06000021,Stoke-on-Trent,2.39,2.31,,2.3,2.41,2.27,2.45,2.68,3.81,4.38,4.44,4.39,4.22,3.93,3.85,3.75,3.81,3.8,4.13,4.12,4.29,4.5,4.39,4.51,4.37
E12000005,West Midlands,E06000051,Shropshire,:,:,,:,:,:,:,6.76,7.73,8.13,8.5,8.41,8.73,8.07,7.79,7.61,7.68,7.22,7.54,7.62,7.81,8.52,8.11,8,7.92
E12000005,West Midlands,E07000192,Cannock Chase,3.08,2.93,,3.23,3.06,3.52,3.86,4.72,5.7,6.02,6.27,6.43,5.5,5.54,5.56,5.67,5.61,5.07,5.6,5.65,6.05,6.31,6.35,6.73,6.72
E12000005,West Midlands,E07000193,East Staffordshire,3.02,3.33,,3.73,3.34,3.49,3.93,4.63,5.27,5.87,5.89,6.46,5.85,5.79,6.39,5.49,5.35,5.19,5.62,5.99,5.64,6.4,6.63,6.59,6.79
E12000005,West Midlands,E07000194,Lichfield,4.04,4.09,,4.28,4.97,5.16,6.07,7.15,7.39,8.04,7.85,9.44,8.24,6.94,7.22,7.15,7.97,7.08,7.89,7.54,7.78,8.46,8.92,9.1,9.27
E12000005,West Midlands,E07000195,Newcastle-under-Lyme,3.43,2.98,,3.24,3.27,3.32,3.57,4.26,5.18,5.68,6.31,6.03,5.99,5.84,6.23,5.85,5.88,5.37,5.68,6.34,6.05,5.5,5.83,6.18,5.93
E12000005,West Midlands,E07000196,South Staffordshire,4.1,3.94,,4.24,4.42,5.23,6.21,7.51,6.94,7.34,7.04,8.11,7.56,7.07,7.35,7.59,7.88,6.86,7.39,7.41,7.78,7.77,7.39,8.21,7.88
E12000005,West Midlands,E07000197,Stafford,3.84,3.59,,3.94,3.89,3.76,4.48,6.08,6.66,6.69,6.79,7.15,7.15,5.99,6.32,6.26,6.26,5.87,6.2,6.82,6.66,7.35,7.38,7.35,7.15
E12000005,West Midlands,E07000198,Staffordshire Moorlands,3.16,3.02,,3.46,3.45,3.5,4.05,4.55,6.54,5.96,6.43,6.66,6.15,5.8,6.19,6.04,5.18,5.24,5.16,7.09,5.97,6.07,6.52,5.82,6.31
E12000005,West Midlands,E07000199,Tamworth,3.42,3.19,,3.55,3.62,4.35,4.57,4.84,6.21,6.01,6.3,6.68,6.09,6.04,6.47,6.18,5.83,6.15,6.19,6.45,6.85,6.99,7.72,8.31,8.45
E12000005,West Midlands,E07000218,North Warwickshire,4.01,3.75,,4.09,3.73,4.27,4.96,5.18,5.68,6.06,6.25,7.14,6.89,6.27,6.38,5.32,5.86,6.02,7.08,7.59,6.69,7.03,7.24,7.23,7.18
E12000005,West Midlands,E07000219,Nuneaton and Bedworth,3.13,3.01,,3.51,3.59,3.73,4.34,4.92,5.83,6.24,6.1,5.9,5.95,5.11,5.54,5.67,5.64,5.51,5.73,6.14,6.25,6.74,6.63,7.15,7.39
E12000005,West Midlands,E07000220,Rugby,3.19,3.13,,3.12,3.82,3.58,5.05,5.2,5.79,6.04,6.57,6.33,6.06,5.52,5.74,5.68,5.79,5.84,5.87,6.15,6.5,6.74,7.73,7.71,7.15
E12000005,West Midlands,E07000221,Stratford-on-Avon,4.92,5.25,,5.47,6.04,6.58,8.09,8.67,8.38,8.84,8.52,9.2,8.73,8.55,8.82,9.16,8.81,8.76,8.76,9.68,9.54,9.34,10.33,11.26,10.23
E12000005,West Midlands,E07000222,Warwick,4.2,4.56,,5.05,5.63,5.69,6.52,7.82,7.59,8.19,7.39,7.74,7.69,6.9,7.83,7.62,7.69,7.51,8.33,8.59,9.35,9.27,9.62,9.07,9.1
E12000005,West Midlands,E07000234,Bromsgrove,4.64,4.73,,4.99,6.21,6.64,8.56,8.36,9.43,9.57,9.57,10.38,9.52,8.37,8.96,9.86,9.05,9.25,9.79,10.33,10.39,10.34,10.58,10.12,10.13
E12000005,West Midlands,E07000235,Malvern Hills,:,5.44,,5.12,5.07,5.71,8.54,8.33,9.41,9.88,9.69,9.86,8.19,7.43,9.32,9.18,8.85,7.77,8.86,9.68,10.37,10.81,11.41,11.16,11.74
E12000005,West Midlands,E07000236,Redditch,3.43,3.73,,4.11,4.44,4.63,5.07,6.26,7.03,7.16,7.24,7.57,6.87,5.68,6.34,6.36,6.39,6.39,6.6,7.32,7.15,7.67,8.25,8.45,8.08
E12000005,West Midlands,E07000237,Worcester,3.46,3.67,,3.88,4.17,4.69,5.05,6.07,6.88,6.71,7.09,7.42,7.48,6.56,6.36,6.65,6.48,6.59,6.69,6.99,6.94,6.71,6.79,6.85,7.55
E12000005,West Midlands,E07000238,Wychavon,4.65,4.79,,5.02,5.55,6.37,7.19,8.48,9.33,9.1,9.67,10.19,10.36,8.13,8.64,8.46,8.24,8.08,8.61,8.86,9.35,9.47,9.78,9.63,9.94
E12000005,West Midlands,E07000239,Wyre Forest,3.87,3.6,,3.87,4,4.55,5.06,6.71,7.35,7.18,7.23,7.58,6.72,7.34,7.59,7.84,7.83,7.94,7.47,7.08,7.35,7.39,8.29,7.12,7.24
E12000005,West Midlands,E08000025,Birmingham,2.81,2.84,,2.93,3.04,3.16,3.76,4.67,5.54,5.58,5.61,5.68,5.42,4.82,5.02,4.88,4.8,4.77,5.24,5.07,5.33,5.62,5.67,5.86,5.58
E12000005,West Midlands,E08000026,Coventry,2.67,2.5,,2.55,2.81,2.86,3.3,3.81,4.6,4.84,4.98,5.35,4.83,4.59,4.84,4.62,4.5,4.24,4.84,5.11,5.33,5.52,5.66,6.08,5.69
E12000005,West Midlands,E08000027,Dudley,3.62,3.34,,3.58,3.63,3.79,4.19,4.98,5.92,6.33,6.51,6.5,6.28,5.92,6.34,5.79,5.85,6.08,6.09,5.96,5.95,6.08,6.22,6.35,6.23
E12000005,West Midlands,E08000028,Sandwell,2.93,2.89,,2.85,2.79,3.07,3.37,4.12,5.03,5.2,5.44,5.59,5.12,4.88,5.04,4.82,4.68,4.59,4.92,5.04,5.34,5.4,5.68,5.86,5.57
E12000005,West Midlands,E08000029,Solihull,4.15,4.18,,4.45,4.92,5.33,5.83,6.73,7.06,7.37,7.38,7.26,6.72,6.24,7.22,7.34,6.8,6.87,7.16,7.66,7.54,7.74,7.62,8.44,9.31
E12000005,West Midlands,E08000030,Walsall,3.29,3.33,,3.32,3.46,3.6,4.12,4.92,5.96,5.99,6.01,6.36,5.96,5.73,5.55,5.37,5.25,5.34,5.4,5.24,5.39,5.99,6.2,5.71,5.53
E12000005,West Midlands,E08000031,Wolverhampton,2.91,2.82,,2.86,2.84,3.01,3.26,4.13,4.55,5.23,5.38,5.42,5.2,4.77,4.78,4.81,4.6,4.76,5.21,5.15,5.37,5.47,5.56,5.31,5.65
E12000006,East of England,E06000031,Peterborough,:,2.74,,2.91,3.05,3.28,3.85,4.37,5.54,5.53,5.7,6.03,5.81,5.25,5.48,5.19,5.01,5.07,5.54,5.76,5.93,6.67,6.82,6.78,6.85
E12000006,East of England,E06000032,Luton,2.51,2.58,,2.65,3.31,3.87,4.12,5.18,5.86,5.8,5.94,6.51,6.05,5.33,5.7,5.71,6.08,5.93,6.4,6.34,7.31,7.36,8.32,7.54,7.43
E12000006,East of England,E06000033,Southend-on-Sea,3.34,3.62,,3.7,3.88,4.2,5.04,6.39,7.04,7.73,7.95,7.95,7.86,7.48,7.49,7.44,7.49,7.45,7.52,8.93,9.03,10.3,10.32,10.6,10.62
E12000006,East of England,E06000034,Thurrock,2.89,3.22,,3.24,3.38,4.12,4.32,5.48,5.9,6.58,6.97,7.3,7.08,6.57,6.54,6.67,6.63,6.57,7.61,8.32,9.85,10,10.04,9.54,9.42
E12000006,East of England,E06000055,Bedford,3.43,3.55,,3.94,4.14,4.42,5.22,6.06,6.72,6.89,7.03,7.07,7.53,7.1,7.33,7.13,7.32,7.31,7.94,8.45,8.55,9.35,9.83,9.04,8.8
E12000006,East of England,E06000056,Central Bedfordshire,:,:,,:,:,:,:,6.24,7.11,7.27,7.3,7.95,7.37,7.22,7.97,8.37,7.85,7.75,8.6,9.51,10.44,10.57,10.88,10.36,10.19
E12000006,East of England,E07000008,Cambridge,4.44,5.34,,5.6,5.98,6.57,7.72,8.28,8.41,8.64,9.05,9.97,9.1,8.15,8.76,8.85,9.44,9.61,11.39,12.56,13,13.53,12.96,12.71,12.42
E12000006,East of England,E07000009,East Cambridgeshire,3.91,5.08,,5.66,4.96,6.22,6.68,7.36,7.47,8.44,8.15,8,8.16,7.2,7.72,7.92,7.95,7.53,8.46,8.92,9.49,9.82,10.66,10.29,11.12
E12000006,East of England,E07000010,Fenland,2.75,2.79,,2.97,3.24,3.61,4.85,5.27,5.78,6.53,6.18,6.41,6.67,5.49,6.64,5.67,5.49,5.57,5.76,6.13,6.49,7.12,8.48,8.18,7.41
E12000006,East of England,E07000011,Huntingdonshire,:,3.69,,4.09,4.22,4.36,5.57,6.09,6.69,7.01,7.44,7.64,7.44,6.44,6.75,6.69,6.89,6.96,7.11,8.06,8.24,8.82,9.36,9.28,9.18
E12000006,East of England,E07000012,South Cambridgeshire,4.53,4.77,,5.48,5.69,6.12,6.24,6.94,6.79,7.57,7.34,7.87,7.71,6.67,7.17,7.82,7.42,7.74,7.8,9.15,10.24,10.98,10.34,9.8,10.13
E12000006,East of England,E07000066,Basildon,3.41,3.57,,3.57,3.5,3.74,4.74,5.47,5.94,6.4,6.66,6.61,7.09,6.72,7.24,6.79,6.67,6.55,7.32,7.89,9.11,10.27,10.66,9.39,9.55
E12000006,East of England,E07000067,Braintree,4.2,4.58,,4.89,5.38,5.43,6.22,7.23,7.73,7.48,7.46,7.51,8.1,7.3,7.62,7.43,7.51,7.17,7.93,8.23,8.59,9.5,10.26,10.23,9.77
E12000006,East of England,E07000068,Brentwood,5.36,5.14,,6,6.83,7.06,6.22,8.06,8.99,10.08,9.78,9.37,9.41,8.87,9.65,9.45,9.47,8.91,9.66,10.57,12.44,11.24,13.24,12.26,13.22
E12000006,East of England,E07000069,Castle Point,4.29,3.77,,4.23,4.92,5.17,7.43,8.98,9.88,8.25,8.52,10.11,9.21,8.45,10.04,10.19,9.14,9.55,9.77,11.21,11.12,11.56,10.66,10.77,11.17
E12000006,East of England,E07000070,Chelmsford,3.68,3.97,,4.23,4.68,5.36,6.26,8.15,8.55,8.6,8.51,8.79,8.52,7.43,8.09,8.06,8.21,8.17,9.54,9.79,10.99,11.46,11.99,11.52,10.8
E12000006,East of England,E07000071,Colchester,3.65,3.84,,4.05,4.24,4.72,5.77,6.55,7.62,7.47,7.45,8.01,7.63,6.6,7.03,7.26,7.21,7.41,7.54,8.36,8.7,8.99,9.58,9.5,9.45
E12000006,East of England,E07000072,Epping Forest,5.62,5.61,,6.46,6.65,7.17,9.42,10.25,10.48,9.55,9.61,9.92,9.17,8.57,10.94,10.41,10.04,11.33,11.43,12.93,14.1,14.5,14.42,13.67,14.38
E12000006,East of England,E07000073,Harlow,3.18,3.6,,3.73,3.81,4.11,5.07,5.13,5.73,6.02,6.05,5.32,5.16,5.18,5.96,6.1,6.1,6.57,6.45,7.81,9.2,9.25,9.5,9.18,9.09
E12000006,East of England,E07000074,Maldon,4.22,4.79,,5.4,5.25,4.77,6.37,7.15,8,8.68,8.75,10.71,9.19,7.72,8.3,7.62,8.06,7.32,8.87,9.99,10.04,10.82,11.46,11.93,11.64
E12000006,East of England,E07000075,Rochford,4.56,4.95,,4.59,5.08,6.55,7.32,9.1,8.58,8.96,8.54,8.84,9.6,7.83,9.51,9.47,9.52,8.99,9.63,9.71,12.32,11.91,11.92,10.39,11.57
E12000006,East of England,E07000076,Tendring,3.26,3.34,,3.66,4.08,5.3,5.57,6.62,7.28,8,8.42,9.08,8.96,7.49,7.07,7.45,6.84,6.69,6.42,6.87,7.99,9.08,9,8.75,8.49
E12000006,East of England,E07000077,Uttlesford,5.31,5.66,,5.77,7.01,7.49,8.21,8.55,10.68,10.76,10.6,9.87,10.21,9.64,9.73,10.03,10.71,11.22,11.52,12.35,12.37,13.52,13.72,13.51,12.6
E12000006,East of England,E07000095,Broxbourne,4.16,4.92,,5.47,6.04,6.55,7.37,8.21,8.63,8.21,8.69,9.77,8.78,8.35,8.89,8.58,8.97,8.64,8.76,9.6,12.45,11.35,11.13,11.32,12.21
E12000006,East of England,E07000096,Dacorum,4.28,4.77,,4.83,5.67,6.05,6.21,7.07,7.67,8.13,8.42,8.23,8.29,7.88,8.75,8.63,8.75,8.86,10.15,11.91,11.16,12.93,12.28,12.08,12.72
E12000006,East of England,E07000098,Hertsmere,5.04,5.22,,5.95,6.15,6.56,7.78,9.02,8.95,9.3,9.73,10.37,10.16,8.5,8.51,10.87,9.63,10.17,12.51,12.67,13.98,14.21,14.26,13.9,14.41
E12000006,East of England,E07000099,North Hertfordshire,4.06,4.26,,4.54,5.06,5.95,6.01,7.37,7.8,7.67,8.01,8.87,8.38,7.32,7.76,8.3,8.16,8.07,8.53,8.99,10.49,10.31,10.83,10.2,10.93
E12000006,East of England,E07000102,Three Rivers,5.28,5.05,,5.42,6.32,6.68,6.73,6.94,7.56,7.45,7.33,7.65,7.52,7.62,8.72,9.31,10.01,10.28,11.29,13.15,13.42,13.79,13.65,13.67,16.34
E12000006,East of England,E07000103,Watford,3.21,3.65,,3.75,5.06,5.01,6.42,6.46,7.38,7.73,7.63,8.7,8.58,7.47,8.15,8.74,8.04,7.74,8.36,10.97,11.08,12.77,12.53,11.82,11.14
E12000006,East of England,E07000143,Breckland,3.39,3.49,,3.62,4.06,4.33,5.24,7.03,7.62,7.38,7.5,8.06,7.59,6.98,7.33,6.95,6.33,6.99,7.51,8.15,8.07,9.34,9.12,8.67,8.27
E12000006,East of England,E07000144,Broadland,4.07,3.99,,4.16,4.58,5.15,6.53,7.53,7.72,8.48,8.1,8.68,8.06,7.15,7.53,7.53,7.26,7.19,7.72,8.08,9.27,9.82,9.27,8.9,8.54
E12000006,East of England,E07000145,Great Yarmouth,2.83,2.92,,2.64,2.77,3.15,3.56,4.43,5.55,5.56,5.43,5.62,5.56,5.29,5.74,5.16,5.08,5.28,5.66,5.43,5.3,6.43,6.38,6.33,6.3
E12000006,East of England,E07000146,King's Lynn and West Norfolk,3.16,3.31,,3.44,3.62,4.19,4.78,6.02,7.12,7.35,7.08,7.09,6.88,6.63,7.03,6.18,6.05,6.54,6.05,6.59,6.97,7.91,7.88,7.43,7.76
E12000006,East of England,E07000147,North Norfolk,4.03,4.09,,4.39,4.69,5.27,6.23,7.36,8.06,8.94,9.7,9.8,9.5,8.49,8.41,8.13,8.22,8.59,9.14,8.27,8.68,9.6,9.82,9.87,9.07
E12000006,East of England,E07000148,Norwich,2.68,2.72,,2.78,3.21,3.55,4.69,5.6,6.32,6.26,6.27,6.99,6.67,5.67,6.01,5.46,5.67,5.94,6.47,6.54,6.24,6.93,7.01,7,6.95
E12000006,East of England,E07000149,South Norfolk,3.81,3.85,,3.58,3.66,4.3,5.77,6.95,7.06,7.38,7.69,8.97,7.65,6.5,7.37,7.05,7.02,7.13,7.54,7.94,8.35,8.92,8.74,9.07,8.85
E12000006,East of England,E07000200,Babergh,4.21,4.11,,4.45,4.77,5.1,7.1,7.89,8.17,8.59,8.15,8.3,8.86,7.47,8.63,8.02,8.3,8.91,9.22,9.48,11.26,10.74,11.48,10.87,10.52
E12000006,East of England,E07000202,Ipswich,3.01,3.07,,3.39,3.77,3.87,4.59,5.37,6.06,6.27,5.99,6.21,5.6,5.11,5.56,5.41,5.44,5.53,5.63,6.15,5.82,6.74,6.82,7.44,7.22
E12000006,East of England,E07000203,Mid Suffolk,3.93,4.05,,4.45,5.57,5.5,6.24,7.55,8.1,8.56,8.28,8.87,8.59,7.63,8.47,7.9,7.98,7.35,8.02,7.53,8.98,10.2,9.44,8.98,8.47
E12000006,East of England,E07000240,St Albans,:,:,,:,:,:,:,10.53,10.28,10.37,10.52,11.09,11.17,10.05,12.36,12.69,12.47,13.92,13.62,15.01,16.98,16.59,16.75,16.09,16.12
E12000006,East of England,E07000241,Welwyn Hatfield,:,:,,:,:,:,:,6.73,7.67,6.6,7.18,7.18,7.38,7.44,7.86,9.17,8.1,8.74,8.79,9.74,11.08,11.23,10.98,10.69,10.36
E12000006,East of England,E07000242,East Hertfordshire,:,:,,:,:,:,:,8,8.37,8.75,9.6,9.7,10.3,8.95,9.26,9.32,9.25,9.12,9.9,10.3,11.4,12.99,12.4,12.49,12.7
E12000006,East of England,E07000243,Stevenage,:,:,,:,:,:,:,5.09,5.32,6.09,5.88,6.4,6.51,5.61,5.71,5.46,5.24,5.73,5.94,6.67,7.43,7.61,8.2,7.62,7.79
E12000006,East of England,E07000244,East Suffolk,:,:,,:,:,:,:,5.78,6.35,6.77,6.87,7.09,6.83,6.28,6.86,6.58,7.08,6.81,6.79,7.6,7.69,8.26,8.7,7.86,8.39
E12000006,East of England,E07000245,West Suffolk,:,:,,:,:,:,:,6.65,7.5,7.76,7.7,8.55,7.79,6.87,7.11,6.77,7.34,7.46,7.91,8.81,8.75,9.24,9.31,9.13,8.74
E12000007,London,E09000001,City of London,4.61,5.5,,5.45,5.5,6.01,6.04,6.88,6.46,6.78,6.98,7.91,7.47,7.32,8.66,8.37,8.78,10.61,12.79,15.25,14.42,15.1,14.56,14.94,12.72
E12000007,London,E09000002,Barking and Dagenham,3.02,2.58,,2.93,3.32,3.85,4.31,5.41,5.97,6.11,6.21,5.96,6.5,5.28,5.85,6.03,5.19,5.54,6.27,7.12,8.94,10.58,10.17,10.99,9.75
E12000007,London,E09000003,Barnet,5.45,6.1,,6.59,6.98,8.13,8.48,9.44,9.79,9.25,10.16,10.57,10.29,9.18,10.57,10.81,10.98,11.41,12.52,14.24,14.41,15.91,17.21,16.28,17.41
E12000007,London,E09000004,Bexley,3.88,4.11,,4.48,4.93,5.55,6.26,7.15,8.26,7.6,7.69,7.86,7.59,6.91,7.57,7.58,7.69,7.72,8.74,9.14,11.04,10.9,11.34,11.21,11.97
E12000007,London,E09000005,Brent,4.59,4.92,,5.72,5.95,7.04,8.38,8.99,9.54,9.71,9.83,10.64,10.36,9.82,10.77,11.21,11.5,12.13,12.7,13.34,14.66,15.76,16.3,15.61,14.66
E12000007,London,E09000006,Bromley,5.75,5.94,,6.67,7.93,9.43,10.22,10.45,10.38,9.49,9.33,9.74,9.55,9.16,9.74,9.76,9.79,10.22,11.64,11.99,13.25,14.59,14.3,13.85,13.3
E12000007,London,E09000007,Camden,6.51,6.86,,7.71,8.87,9.09,9.88,9.33,9.67,10.22,10.64,12.1,12.46,11.27,12.59,13.62,13.39,15.69,17.69,18.42,19.5,20.1,19.39,19.26,19.62
E12000007,London,E09000008,Croydon,3.8,4.09,,4.34,4.8,5.91,6.31,7.37,7.51,7.85,7.68,8.47,8.37,7.26,7.52,7.59,7.8,7.6,8.02,9.63,10.51,11.21,11.09,10.83,11.34
E12000007,London,E09000009,Ealing,4.53,5,,5.69,6.31,6.7,7.4,8.62,8.51,8.7,9.22,9.46,9.51,8.85,9.57,9.98,9.74,10.93,12.84,14.48,15.73,16.19,15.62,15.15,14.66
E12000007,London,E09000010,Enfield,4.25,4.31,,4.67,4.85,5.18,5.88,7.79,6.89,8.13,8.25,8.62,9.24,8.09,8.71,9.09,9.03,9.69,10.85,12.2,12.97,13.8,13.68,14.46,13.68
E12000007,London,E09000011,Greenwich,3.41,3.63,,3.96,4.7,5.73,6.52,7,6.99,7.42,7.58,7.47,7.61,7.3,7.54,8.35,8.14,8.72,10.71,10.89,12.76,12.87,12.97,13.77,12.73
E12000007,London,E09000012,Hackney,3.39,3.41,,4.45,5.36,6.37,7.12,7.71,7.87,7.61,7.97,8.62,8.63,8.06,8.39,8.8,9.19,11.12,12.68,14.61,16.57,15.77,15.59,16.45,17.1
E12000007,London,E09000013,Hammersmith and Fulham,5.95,7.11,,7.2,8.63,9.12,8.92,9.26,10.12,10.31,11.32,11.78,12.58,11.28,13.13,12.73,13.52,15.92,18.55,21.05,20.86,20.69,19.28,19.12,18.22
E12000007,London,E09000014,Haringey,4.32,4.98,,5.43,6.45,7.13,7.74,8.48,8.84,9.08,8.57,9.51,9.04,8.77,9.46,10.81,10.65,11.15,12.7,14.01,15.46,16.86,17.47,16.88,15.39
E12000007,London,E09000015,Harrow,4.86,5.01,,5.68,6.43,6.97,8.07,9.87,9.7,9.52,9.78,10.53,10.28,9.08,10.14,10.71,11.22,12.22,13.63,14.46,14.73,16,15.56,14.02,15.88
E12000007,London,E09000016,Havering,4.56,4.98,,5.1,5.88,6.63,8.56,9.21,10.14,8.03,7.58,8.36,7.85,7.06,7.74,7.74,7.78,7.7,8.33,9.15,11.24,12.01,11.93,11.33,11.08
E12000007,London,E09000017,Hillingdon,3.56,3.73,,4.08,4.79,5.22,6.08,7.04,7.32,7.36,7.86,7.92,7.93,7.28,7.8,7.44,7.39,7.28,8.68,10.38,11.78,12.35,13.02,11.65,11.26
E12000007,London,E09000018,Hounslow,3.88,4.52,,5.3,5.51,6.26,6.88,7.41,7.65,7.44,8.6,8.97,8.48,7.55,7.92,7.63,8.17,8.89,9.38,10.08,10.76,11.14,11.41,11.18,11.41
E12000007,London,E09000019,Islington,5.18,6.13,,6.37,7.33,7.59,7.02,8.52,8.22,8.79,8.38,9.63,9.76,9.19,10.77,11.25,11.05,11.92,13.61,15.72,15.17,15.66,14.74,14.56,15.62
E12000007,London,E09000020,Kensington and Chelsea,11.8,11.93,,13.08,14.38,14.61,14.63,15.32,16.76,17.13,18.78,22.39,22.01,22.57,24.34,24.89,28.48,30.58,38.33,37.95,38.93,41.04,43.97,39.39,36.44
E12000007,London,E09000021,Kingston upon Thames,4.83,5.39,,6.27,7.05,7.7,8.41,9.03,9.7,9.62,9.61,10.27,11.02,9.64,10.45,10.35,10.7,11.21,12.15,13.97,14.64,15.49,15.79,15.19,13.95
E12000007,London,E09000022,Lambeth,3.92,4.26,,4.97,6.11,7.08,7.53,7.79,8,7.94,8.09,8.81,9.16,7.93,8.9,8.76,9.07,9.61,11.8,12.91,14.42,14.7,14.5,14.3,14.21
E12000007,London,E09000023,Lewisham,3.38,3.51,,3.79,4.25,5.37,5.93,7.14,6.97,6.6,7.4,7.86,7.82,6.96,7.4,8.02,8.17,8.2,10,11.25,12.02,12.61,13.65,13.27,12.33
E12000007,London,E09000024,Merton,4.8,5.23,,6.06,7.16,7.28,7.98,8.71,9.48,8.85,9.65,9.49,9.48,8.93,10.29,10.51,10.1,10.92,13.62,13.22,16.19,15.44,15.36,14.81,14.19
E12000007,London,E09000025,Newham,2.85,3.25,,3.61,4.45,4.99,6.21,7.27,7.14,7.41,7.69,8.2,8.14,6.51,6.63,7.17,7.17,7.7,8.6,10.13,11.06,12.67,13.49,12.29,11.98
E12000007,London,E09000026,Redbridge,4.07,4.6,,4.75,5.63,6.25,7.18,8.13,9.47,8.35,8.34,8.5,8.54,7.36,8.08,8.38,9.34,8.68,9.32,11.68,13.46,14.22,15.74,14.25,13.22
E12000007,London,E09000027,Richmond upon Thames,7,7.54,,7.84,9.3,9.49,10.51,10.38,10.76,11,11.18,11.98,12.02,11.03,12.56,13.04,13.49,14.38,16.17,17.3,18.15,19.91,18.51,17.94,18.66
E12000007,London,E09000028,Southwark,3.82,4.4,,5.05,5.83,6.49,6.7,6.82,7.43,8.02,7.68,8.38,9.13,8.26,8.7,8.94,9.01,9.53,11.56,12.69,13.46,14.16,13.88,13.87,12.12
E12000007,London,E09000029,Sutton,3.57,4.39,,4.8,5.22,5.61,6.43,7.08,7.55,7.78,8.2,9.01,9.2,8.16,8.56,8.79,9.51,8.32,10.54,11.48,12.18,12.88,13.34,11.52,11.51
E12000007,London,E09000030,Tower Hamlets,3.8,4.25,,5.04,5.52,5.76,6.34,6.09,5.82,6.08,6.29,6.69,7.16,6.37,6.86,6.53,6.73,6.79,7.76,8.77,10.06,9.82,9.85,10.67,9.98
E12000007,London,E09000031,Waltham Forest,3.48,3.68,,4.15,4.63,5.3,6.42,7.3,7.75,9.01,8.97,9.25,9.02,7.59,8.11,8.21,8.81,8.79,11.33,12.26,14.81,15.64,14.85,14.41,13.36
E12000007,London,E09000032,Wandsworth,5.54,6.09,,6.8,7.71,9.07,9.57,9.88,9.95,10.25,10.91,11.47,11.62,10.5,11.79,12.16,12.95,14.29,16.57,17.05,18.71,19.83,17.9,17.95,18.71
E12000007,London,E09000033,Westminster,6.98,7.54,,8.39,9.58,10.25,10.73,11.09,10.83,11.38,12.25,12.74,13.87,13.46,14.73,16.31,16.07,19.76,22.28,22.31,24.5,24.91,24.59,21.71,21.3
E12000008,South East,E06000035,Medway,:,2.95,,3.14,3.45,3.91,4.66,5.53,6.31,6.33,6.3,6.6,6.47,5.34,5.74,5.66,5.73,6.24,6.3,6.9,7.93,8.28,8.67,8.43,7.57
E12000008,South East,E06000036,Bracknell Forest,4.01,4.06,,4.35,4.8,5.05,5.8,6.14,5.99,5.91,5.89,6.31,6.18,5.55,6.63,5.73,6.38,6.5,6.79,8.56,9.08,9.15,8.99,9.33,8.26
E12000008,South East,E06000037,West Berkshire,4.77,5.01,,5.28,5.91,6,6.13,7.03,6.88,7.57,7.35,8.44,7.83,6.83,7.3,8.07,8.03,8.02,7.78,8.49,10.02,10.49,9.61,9.59,9.43
E12000008,South East,E06000038,Reading,3.49,3.62,,4,5.11,5.36,5.91,6.05,6.48,6.42,6.57,7.19,7.49,6.37,6.39,6.16,6.18,6.33,7.27,7.82,8.39,8.17,8.52,8.99,8.85
E12000008,South East,E06000039,Slough,3.02,3.48,,3.75,3.77,4.44,4.82,5.41,6,6.45,6.46,6.76,6.8,5.61,6.01,5.97,6.31,6.25,7.3,8.15,8.82,9.83,9.58,8.78,9.21
E12000008,South East,E06000040,Windsor and Maidenhead,6.07,7.21,,6.97,7.99,8.16,8.53,8.99,9.1,9.11,9.03,9.97,9.48,9.05,10,10.1,9.98,9.93,11.23,12.1,13.64,13.79,13.17,13.91,14.42
E12000008,South East,E06000041,Wokingham,4.99,5.4,,5.85,6.51,6.02,6.18,7.34,7.61,8.18,8.11,7.94,8.09,7.25,7.48,7.7,7.14,8.05,8.49,9.95,10.57,12.17,11.15,10.78,11.01
E12000008,South East,E06000042,Milton Keynes,3.16,3.26,,3.57,3.93,4.48,5.18,5.83,6.38,6.73,6.84,6.73,6.77,5.84,6.6,6.6,6.55,6.61,6.84,7.74,7.63,8.66,8.79,8.32,8.87
E12000008,South East,E06000043,Brighton and Hove,3.81,4.24,,4.55,5.36,6.16,6.86,7.97,8.27,8.78,8.73,9.94,9.5,8.5,9.21,9.64,9.43,9.77,9.84,11.11,11.45,12.29,12.41,11.91,10.96
E12000008,South East,E06000044,Portsmouth,3.02,3.2,,3.49,3.77,3.84,4.58,5.39,5.96,5.98,5.75,6.04,5.94,5.05,5.19,5.43,5.54,5.54,5.96,6.1,6.45,7.08,7.1,6.78,7.01
E12000008,South East,E06000045,Southampton,3.01,3.22,,3.29,3.88,4,4.97,5.62,6.25,6.24,6.27,6.4,5.99,5.39,5.99,5.78,5.79,5.69,5.81,6.22,6.36,6.59,7.51,6.85,6.78
E12000008,South East,E06000046,Isle of Wight,3.51,3.53,,3.85,4.12,4.43,5.99,6.29,7.86,7.62,8.03,7.97,7.74,6.89,7.88,7.1,6.83,7.32,7.5,7.76,7.58,8.19,8.23,8.48,8.05
E12000008,South East,E06000060,Buckinghamshire,5.08,5.68,,6.15,6.43,7.03,7.22,8.13,8.63,8.94,9.34,9.53,9.33,8.43,9.41,9.63,9.49,9.47,10.32,11.07,11.43,11.98,12.37,11.73,11.38
E12000008,South East,E07000061,Eastbourne,3.29,3.49,,3.72,4.52,4.88,5.61,6.84,7.51,7.24,7.6,7.33,7.24,6.48,7.17,6.96,7.62,7.19,6.77,7.27,8.73,8.78,8.23,8.08,8.4
E12000008,South East,E07000062,Hastings,3.45,3.1,,3.43,3.82,4.25,5.36,5.86,6.9,7.18,6.9,7.79,7.82,6.69,6.77,6.55,6.69,7.01,6.68,6.74,7.7,8.29,8.81,9.36,9.31
E12000008,South East,E07000063,Lewes,3.86,4.32,,4.87,4.81,6.1,7.11,7.87,8.2,8.87,8.78,9.67,10.53,8.28,9.19,9.12,9.06,8.82,9.46,10.51,10.03,9.93,9.88,10.9,11.5
E12000008,South East,E07000064,Rother,5.85,5.69,,5.7,6.06,5.86,7.03,9.09,9.49,9.22,9.83,10.05,10.65,9.23,10.06,10.05,10.1,10.53,11.05,11.35,11.92,11.19,12.74,12.31,12.75
E12000008,South East,E07000065,Wealden,5.22,5.67,,5.88,6.59,7.1,7.8,9.37,9.41,9.84,10.54,10.37,10.73,9.47,10.15,9.74,10.07,10.51,11.71,10.77,11.45,11.59,11.82,11.57,11.57
E12000008,South East,E07000084,Basingstoke and Deane,3.94,4.21,,4.55,5.49,5.47,5.66,6.5,6.64,7.33,6.69,7.13,6.71,6.34,6.85,6.91,7.6,7.1,7.62,7.96,8.22,9.55,9.57,8.48,8.76
E12000008,South East,E07000085,East Hampshire,5.04,5.31,,6.08,6.62,7.19,7.47,9.87,10.81,9.92,10.25,10.52,11.02,10.26,9.9,10.27,10.51,11.41,11.8,11.55,12.86,12.22,12.59,13.4,12.58
E12000008,South East,E07000086,Eastleigh,4.23,4.42,,4.82,5.4,6.06,7.11,7.76,8.34,8.04,8.25,8.85,9.18,7.69,7.54,7.95,8.14,8.2,8.16,8.47,9.19,9.62,10.44,9.93,9.56
E12000008,South East,E07000087,Fareham,4.77,4.49,,5.08,5.53,5.77,6.9,8.2,8.38,8.04,9.03,8.69,8.1,7.94,8.24,7.99,8.07,8.19,8.04,8.78,9.29,9.87,9.24,9.03,10.44
E12000008,South East,E07000088,Gosport,3.49,3.28,,3.74,4.14,4.63,5.13,5.79,6.29,6.51,6.35,6.28,6.99,5.85,6.36,5.61,6.59,6.01,5.56,5.9,7.05,7.86,7.43,7.67,6.64
E12000008,South East,E07000089,Hart,4.88,5.82,,5.94,5.57,6.69,6.94,7.84,7.72,9.03,8.22,8.93,9.58,7.57,8.23,9.32,8.45,9.36,10.26,10.92,12,11.83,12.28,10.66,10.72
E12000008,South East,E07000090,Havant,4.05,4.57,,4.67,4.96,5.3,6.68,7.01,8.25,8.29,7.82,8.42,8.59,7.23,7.67,6.95,6.77,6.74,8.32,8.11,8.87,9.25,9.49,9.95,9.88
E12000008,South East,E07000091,New Forest,4.85,4.91,,5.51,6.05,6.75,7.94,9.37,9.95,11,10.46,10.56,10.51,9.37,10.04,10.01,9.81,9.92,9.51,10.56,11.18,11.9,11.51,11.15,10.13
E12000008,South East,E07000092,Rushmoor,3.56,3.79,,4.24,4.86,4.68,5.07,5.3,5.75,6.33,5.97,5.84,6.06,5.05,5.62,5.84,6.16,6.25,6.96,7.7,9.42,9.19,8.18,8.11,8.19
E12000008,South East,E07000093,Test Valley,4.93,5.25,,5.53,6.2,7,6.96,8.31,8.62,8.61,9.22,9.5,9.45,8.22,8.94,8.76,8.49,8.52,8.65,9.02,10.06,10.3,10.12,9.91,9.76
E12000008,South East,E07000094,Winchester,5.62,6.31,,6.49,7.45,7.91,8.4,8.64,9.97,9.92,9.79,10.11,9.78,8.75,9.86,11.03,9.9,9.93,10.27,11.03,11.96,12.15,12.19,13.1,12.28
E12000008,South East,E07000105,Ashford,3.84,4.34,,4.58,5.38,5.82,6.07,7.1,7.12,7.41,8.51,9.15,9.06,7.55,8.24,7.21,7.6,8.17,8.95,9.04,8.81,9.62,10.61,9.33,10.09
E12000008,South East,E07000106,Canterbury,4.17,4.45,,4.76,5.17,5.77,6.98,7.4,7.87,8.12,8.43,9.05,8.58,7.37,8.5,7.53,7.89,8.1,8.85,9.49,10.62,11.12,10.96,10.64,11.19
E12000008,South East,E07000107,Dartford,3.42,3.5,,3.84,4.82,4.86,5.66,6.89,7.78,7.03,6.4,6.83,6.74,5.76,6.31,6.38,6.7,6.87,7.55,8.48,8.62,9.88,9.67,9.18,8.57
E12000008,South East,E07000108,Dover,3.15,3.23,,3.35,3.63,4.03,4.38,5.47,6.6,5.69,6.1,7.49,6.84,5.6,6.26,5.99,6.03,6.32,7.24,7.29,7.85,8.3,9.37,8.21,7.03
E12000008,South East,E07000109,Gravesham,3.4,3.93,,3.99,4.39,5.32,5.83,6.46,6.99,6.66,7.31,6.78,6.21,6.34,6.38,5.8,6.46,6.52,6.77,7.44,8.52,9.41,9.83,8.65,8.4
E12000008,South East,E07000110,Maidstone,4.59,4.92,,4.92,5.54,6.31,6.7,7.71,8.38,8.7,8.68,9.56,8.62,7.43,8.05,8.02,8.19,8.94,9.42,9.05,10.11,10.3,11.2,10.46,10
E12000008,South East,E07000111,Sevenoaks,5.93,5.96,,6.61,6.98,7.56,8.53,9.01,9.49,10.1,10.34,9.61,10,8.98,10.45,11.02,11.31,10.7,10.88,13.86,13.41,14.73,14.81,13.19,12.59
E12000008,South East,E07000112,Folkestone and Hythe,3.9,3.98,,4.1,4.6,4.8,5.58,7.08,7.99,7.86,8.74,9.2,7.94,7.57,7.18,7.2,6.59,7.13,7.55,7.8,9.17,9.7,9.24,9.38,10.83
E12000008,South East,E07000113,Swale,3.12,3.24,,3.59,4.15,4.65,5.4,5.56,6.1,6.73,6.61,6.57,6.73,5.81,6.09,6.16,6.28,6.65,7.11,7.11,8.64,9.13,9.13,9.07,9.32
E12000008,South East,E07000114,Thanet,3.42,3.48,,3.68,3.74,4.64,5.04,6.54,7.18,7.78,8,8,7.79,7.46,8.37,7.32,7.66,7.42,8.18,8.52,9.53,10.49,10.49,9.58,10.13
E12000008,South East,E07000115,Tonbridge and Malling,4.53,4.78,,5.26,5.78,6.79,7.51,7.74,8.54,8.76,9.89,10.05,9.27,7.79,8.69,9.34,8.21,9.25,9.46,9.97,11.48,11.8,11.91,11.79,11.79
E12000008,South East,E07000116,Tunbridge Wells,4.72,5.52,,5.82,6.14,6.84,7.3,8.31,8.7,10.33,9.92,9.91,9.86,8.32,9.91,9.26,8.7,8.91,9.94,10.98,12.05,13.45,12.71,12.49,13.27
E12000008,South East,E07000177,Cherwell,3.89,3.95,,4.64,4.91,6.67,6.24,7.02,7.54,7.64,8.47,8.78,8.54,7.22,7.43,7.81,7.81,8.46,8.86,8.92,9.35,9.82,9.77,10.39,9.3
E12000008,South East,E07000178,Oxford,4.63,5.39,,5.78,6.53,6.79,8.04,8.85,8.93,8.76,8.99,9.36,9.69,8.44,8.64,8.77,9.32,9.69,10.01,10.91,11.64,12.17,11.08,11.31,11.42
E12000008,South East,E07000179,South Oxfordshire,5.34,5.21,,5.91,6.98,7.68,7.62,7.86,8.49,9.06,9.72,9.79,9.71,9.33,10.41,10.21,10.22,10.49,10.49,10.68,11.3,11.81,12.37,11.69,12.07
E12000008,South East,E07000180,Vale of White Horse,4.35,4.76,,4.96,5.71,5.99,6.9,7.55,7.64,7.89,8.3,7.76,8.35,7.26,8.03,7.16,7.56,7.5,8.43,8.72,9.28,8.97,9.87,9.55,8.94
E12000008,South East,E07000181,West Oxfordshire,5.12,5,,5.17,6.63,6.25,7.06,8.34,7.97,8.54,9.22,9.74,9.35,8.26,8.91,9.09,8.98,9.36,9.06,9.95,11.6,11.24,11.55,10.46,10.81
E12000008,South East,E07000207,Elmbridge,6.44,6.99,,7.73,8.12,9.56,9.66,9.99,10.89,9.56,11.21,11,12.35,12.15,12.73,12.42,12.56,13.31,14.28,14.81,15.26,16.53,15.83,15.86,16.38
E12000008,South East,E07000208,Epsom and Ewell,5.44,6.11,,6.12,8.53,8.25,8.84,9.6,10.24,10.19,10.6,11.08,10.2,8.64,10.18,10.77,9.95,11.46,14.6,14.91,16.16,17.85,16.75,16.39,17.38
E12000008,South East,E07000209,Guildford,4.84,5.63,,5.99,6.87,7.48,7.87,8.21,9.03,9.14,9.27,9.65,9,8.35,10.05,10.11,9.59,9.81,10.97,11.24,12.04,12.6,12.54,12.28,12.21
E12000008,South East,E07000210,Mole Valley,5.71,6.3,,6.75,8.27,8.45,8.76,8.15,8.57,9.16,8.96,9.84,10.45,8.33,9.64,9.59,9.62,10.53,11.07,12.24,13.96,14.37,14.57,13.36,14.74
E12000008,South East,E07000211,Reigate and Banstead,4.74,5.29,,5.78,6.23,6.79,7.06,7.87,8.35,8.58,8.67,8.33,8.32,7.84,9.24,8.81,8.06,9.32,10.41,10.55,11.51,11.48,12.33,12.26,12.26
E12000008,South East,E07000212,Runnymede,4.08,5.27,,5.78,6.26,6.41,6.41,7.83,8.19,8.11,7.66,8.52,8.22,7.4,7.45,8.14,7.35,7.73,8.43,9.22,10.49,10.78,10.91,9.75,9.86
E12000008,South East,E07000213,Spelthorne,4.62,4.54,,4.89,5.38,6.23,6.22,6.71,6.49,6.72,7.89,8.46,7.92,7.45,8.23,7.64,7.57,8.13,8.06,8.83,10.9,11.08,11.79,10.73,12.44
E12000008,South East,E07000214,Surrey Heath,4.56,5.67,,5.64,6.21,6.2,6.84,7.7,8.34,8.5,8.58,9.25,8.77,8,9.51,9.36,9.41,9.34,9.65,10.89,12.33,13.07,13.14,11.23,11.03
E12000008,South East,E07000215,Tandridge,6.48,6.82,,7.45,8.59,8.32,9.64,10.65,11.84,11.61,11.4,11.07,11.65,11.02,11.48,12.96,14.06,14.12,13.63,14.9,14.86,14.1,15.64,14.94,13.94
E12000008,South East,E07000216,Waverley,5.99,7,,6.61,8.08,8.49,9.44,10.19,11.33,10.66,11.3,10.05,11.67,10.29,12.63,12.87,12.57,13.07,13.62,14.97,14.84,14.47,16.21,15.66,16.67
E12000008,South East,E07000217,Woking,5.24,4.57,,5.05,6.09,6.37,7.06,7.21,7.59,7.85,7.75,8.76,8.41,9.49,9.47,10.44,9.96,10.78,12.22,13.24,11.61,12.24,11.85,10.49,10.17
E12000008,South East,E07000223,Adur,3.54,3.68,,3.87,4.69,6.63,5.64,7.36,7.35,8.27,8.31,9.57,9.51,8.91,9.36,8.57,9.41,9.84,10.22,10.81,11.74,11.59,11.81,11.49,11.58
E12000008,South East,E07000224,Arun,4.18,5.03,,5.15,5.39,6.62,7.67,8.97,9.66,9.88,10.63,10.27,9.74,8.38,9.63,9.97,9.44,9.61,11.03,11.08,12.06,12.26,12.12,12.16,11.41
E12000008,South East,E07000225,Chichester,5.1,5.79,,6.54,6.85,7.26,8.09,9.75,11,11.89,10.66,12.86,11.66,10.18,10.62,11.05,10.49,11.11,11.53,12.38,12.1,13.5,12.83,13.14,14.09
E12000008,South East,E07000226,Crawley,3.57,4.12,,3.85,4.59,4.83,5.81,6.45,6.61,7.05,6.63,7.68,7.22,5.98,6.29,6.26,6.57,6.29,7.24,7.82,8.1,8.9,9.09,9.05,8.16
E12000008,South East,E07000227,Horsham,4.85,4.8,,6.47,6.98,6.92,7.87,8.16,9.48,9.78,10.51,10.44,9.67,10.05,10.85,9.76,10.46,11.09,12.11,12.99,13.09,13.8,13.87,12.76,12.39
E12000008,South East,E07000228,Mid Sussex,4.21,4.63,,5,6.54,6.77,7.32,8.5,9.29,9.48,9.38,9.81,9.94,8.72,8.75,9.62,9.71,10.22,11.38,11.23,12.61,12.6,12.68,12.84,12.62
E12000008,South East,E07000229,Worthing,3.4,3.86,,3.86,4.47,4.92,6.3,7.22,7.27,8.19,8.08,8.73,8.48,7.51,8.1,7.92,7.76,8.25,8.78,9.45,10.79,11.35,11.73,10.64,9.47
E12000009,South West,E06000022,Bath and North East Somerset,4.65,4.52,,4.85,5.34,6.41,6.9,7.68,8.34,8.93,8.72,9.2,9.49,8.21,8.86,9.13,9.13,8.9,9.48,9.98,10.58,11.11,10.85,10.2,10.66
E12000009,South West,E06000023,"Bristol, City of",3.03,3.24,,3.51,3.87,4.33,5.06,6.19,6.41,6.49,6.77,7,6.96,6.12,6.22,6.37,6.54,6.23,6.73,7.34,8.22,9.04,8.69,8.75,8.49
E12000009,South West,E06000024,North Somerset,3.66,4,,4.04,4.48,4.86,5.42,6.12,6.88,7.24,7.43,7.67,7.43,6.93,7.21,7.01,6.78,6.85,7.26,8.13,8.35,8.98,9.65,9.66,9.47
E12000009,South West,E06000025,South Gloucestershire,3.32,3.44,,3.65,4.24,4.39,4.97,5.59,6,6.33,6.19,7.15,7.06,6.05,6.84,6.62,6.93,6.94,7.04,7.45,8.29,8.01,8.19,8.75,8.09
E12000009,South West,E06000026,Plymouth,3.02,3.11,,2.98,2.9,3.19,4.13,4.43,5.52,6.14,6.13,6.62,5.89,5.57,5.8,5.47,5.4,5.34,5.69,5.9,6.26,6.05,6.11,6.44,6.25
E12000009,South West,E06000027,Torbay,3.91,4.57,,4.3,4.62,4.96,6.12,7.88,8.76,8.9,8.75,8.78,8.67,8.39,8.34,7.25,7.37,7.35,8.03,7.86,8.17,7.71,8.84,7.84,7.23
E12000009,South West,E06000030,Swindon,3.02,3.3,,3.58,3.99,4.4,5.17,5.63,5.78,5.98,6.1,6.1,5.91,5.17,5.8,5.62,5.55,5.57,5.7,5.89,6.47,7.09,7.6,7.62,7.18
E12000009,South West,E06000052,Cornwall,:,:,,:,:,:,:,8.01,9.39,9.77,9.56,9.83,9.41,8.34,8.68,8.86,8.85,8.56,8.65,9,9.13,8.96,9.3,9.05,9.21
E12000009,South West,E06000053,Isles of Scilly,:,14.22,,:,:,:,:,:,:,:,:,:,:,24.94,:,:,:,:,:,:,:,:,:,16.96,:
E12000009,South West,E06000054,Wiltshire,:,:,,:,:,:,:,7.76,8.12,8.51,8.57,8.63,8.41,7.66,8.29,8.27,8.44,8.1,8.35,8.83,9.55,9.52,9.8,9.68,9.46
E12000009,South West,E06000058,"Bournemouth, Christchurch and Poole",:,:,,:,:,:,:,8.49,9.25,8.96,8.93,8.67,8.69,7.35,8.64,8.17,8.19,7.69,8.47,8.86,9.21,9.64,9.2,9.34,9.76
E12000009,South West,E06000059,Dorset,:,:,,:,:,:,:,8.85,9.67,9.93,10.07,10.79,10.7,9.32,10.16,9.96,9.67,9.37,9.58,10,10.53,10.97,10.49,10,9.84
E12000009,South West,E07000040,East Devon,5.21,5.01,,5.38,6,6.41,7.59,9.59,9.61,10.46,10.24,11.06,10.63,9.68,11.08,10.9,10.53,9.99,10.05,10.36,9.39,9.84,9.93,10.56,10.13
E12000009,South West,E07000041,Exeter,3.25,3.29,,3.35,3.77,4.11,5.2,6.45,7.09,7.2,7.6,8.22,7.92,7.06,7.2,7.17,7.22,6.97,7.29,8.08,7.69,8.55,8.7,8.45,8.57
E12000009,South West,E07000042,Mid Devon,4.16,4.36,,4.36,5.06,5.54,7.23,8.21,8.79,8.49,9.22,9.87,9.51,7.84,8.16,7.97,7.84,8.51,8,8.82,8.81,8.74,9.09,9.23,9.36
E12000009,South West,E07000043,North Devon,4.37,4.5,,4.99,5.44,6.24,7.62,8.3,9.44,10.49,10.63,11.08,10.09,9.44,9.46,9.11,9.08,8.74,9.22,9.59,9.76,10.02,9.85,10.28,10.03
E12000009,South West,E07000044,South Hams,5.03,5.34,,5.74,5.73,6.69,7.55,9.96,10.48,11.7,11.41,11.9,11.22,9.81,11.49,11.84,11.27,11.82,11.1,12.25,12.06,11.88,11.71,11.8,11.74
E12000009,South West,E07000045,Teignbridge,4.77,5.05,,4.97,5.08,5.61,7.15,7.75,8.9,9.17,9.15,9.9,9.27,8.4,8.7,8.8,8.76,8.56,8.85,9.4,9.94,10.89,10.5,10.45,10.32
E12000009,South West,E07000046,Torridge,4.44,4.81,,5.28,5.64,5.91,6.99,8.27,10.04,11.2,11.7,11.29,10.82,9.74,10.32,10.63,9.94,9.8,8.67,10.03,10,9.45,9.76,9.52,9.11
E12000009,South West,E07000047,West Devon,4.96,4.78,,5.19,5.63,5.9,7.33,:,8.84,10.29,10.46,12.13,12.53,11.18,11.13,9.19,9.32,9.54,8.78,9.48,9.69,10.1,9.73,10.62,8.72
E12000009,South West,E07000078,Cheltenham,3.68,3.96,,4.21,4.71,5.17,5.81,6.49,7.51,7.6,7.69,7.53,7.42,6.37,7.33,7.44,7.04,7.19,7.84,8.38,8.84,8.99,8.98,8.73,9.02
E12000009,South West,E07000079,Cotswold,5.63,5.88,,6.67,8,6.79,8.76,10.36,10.75,11.79,11.83,11.14,12.33,11.66,13.47,12.53,11.33,12.06,12.48,12.16,13.2,14,13.34,13.38,14.3
E12000009,South West,E07000080,Forest of Dean,3.71,3.63,,3.94,3.86,4.55,5.31,6.46,7.33,8,7.85,8.44,8.32,7.43,8.21,7.84,7.63,7.25,7.1,8.09,8.23,8.73,8.93,9.45,9.17
E12000009,South West,E07000081,Gloucester,3.07,3.18,,3.43,3.43,3.85,4.52,5.54,5.83,5.95,6.27,6.15,5.94,5.36,5.83,5.53,5.3,5.48,5.6,6.06,6.24,6.26,6.67,6.86,7.16
E12000009,South West,E07000082,Stroud,3.72,3.84,,4.47,4.83,5.72,6.22,7.47,8.11,7.69,8.34,8.82,7.87,7.1,7.72,7.74,7,6.97,7.88,7.81,8.21,8.79,8.99,8.65,8.65
E12000009,South West,E07000083,Tewkesbury,3.84,3.97,,3.67,4.16,4.9,5.26,6.33,7.16,7.03,7.74,7.59,7.58,6.54,6.89,7.03,7.42,7.11,8.23,8.22,7.98,7.92,8.65,7.94,8.08
E12000009,South West,E07000187,Mendip,3.89,3.96,,4.24,4.85,5.34,6.39,7.45,8.49,8.36,8.28,8.62,9.06,8.05,7.9,7.62,8.01,8.02,9,9.82,10.58,10.29,10.98,10.94,9.5
E12000009,South West,E07000188,Sedgemoor,3.74,4,,3.97,4.63,4.73,5.31,7,7.44,7.72,7.5,8.31,8.33,7.3,7.56,7.68,7.51,7.51,7.44,7.58,8.46,8.87,9.04,8.76,8.73
E12000009,South West,E07000189,South Somerset,3.34,3.54,,3.97,4.39,4.39,5.37,6.54,7.76,7.74,7.83,8.32,8.22,7.38,7.83,7.22,7,7.01,7.19,7.75,7.93,8.19,8.19,7.57,7.89
E12000009,South West,E07000246,Somerset West and Taunton,:,:,,:,:,:,:,7.36,7.82,8.16,7.77,7.99,8.15,7.17,7.55,8.04,7.68,7.36,7.47,7.43,7.98,8.33,8.45,7.92,8.08
W92000004,Wales,W06000001,Isle of Anglesey,2.71,3.01,,3.18,3.37,3.47,4.21,4.58,5.87,6.32,6.93,7.95,7.03,5.97,6.63,6.98,6.11,6.13,5.86,5.8,6.33,6.76,6.95,6.77,6.75
W92000004,Wales,W06000002,Gwynedd,3.12,2.88,,3.25,3.54,3.46,3.63,4.72,5.67,6.64,6.99,7.07,7.16,6.51,6.23,6.37,6.28,6.21,6.26,6.91,6.98,6.54,6.41,6.65,6.08
W92000004,Wales,W06000003,Conwy,3.62,3.77,,3.67,3.63,4.04,4.37,5.14,5.81,6.56,7.12,7.94,7.13,6.63,7.32,6.86,5.99,6,6.4,6.23,6.37,6.26,6.36,6.83,6.38
W92000004,Wales,W06000004,Denbighshire,2.95,2.81,,2.85,3.04,2.91,3.38,4.36,5.19,6.33,6.49,6.65,6.52,5.22,5.9,5.36,5.37,5.33,5.02,5.27,5.25,5.6,5.71,5.65,5.74
W92000004,Wales,W06000005,Flintshire,3.02,3.03,,3.08,3.08,3.02,3.23,3.91,4.97,5.38,5.5,6.4,5.87,5.37,5.35,5.24,5.24,5.21,4.78,5.22,5.2,5.48,5.66,5.51,5.36
W92000004,Wales,W06000006,Wrexham,3.12,3.05,,3,3.32,3.27,3.53,4.51,5.58,6.34,6.42,6.49,6.66,5.51,5.54,5.87,5.95,5.31,5.76,5.72,5.75,5.8,5.69,5.44,5.38
W92000004,Wales,W06000023,Powys,3.68,3.71,,3.91,4.35,4.03,4.66,5.22,7.5,7.96,7.93,8.66,8.58,7.39,8.28,8.08,7.97,7.76,8.2,7.2,7.19,7.45,7.51,6.9,6.13
W92000004,Wales,W06000008,Ceredigion,3.53,4.27,,4.76,4.22,4.28,4.8,6.04,8.11,8.53,9.19,9.78,9.73,8.41,8.98,7.93,7.93,6.97,7.7,7.75,7.54,7.4,7.13,7.32,6.97
W92000004,Wales,W06000009,Pembrokeshire,3.36,3.45,,3.47,3.64,3.45,4.72,5.35,7.24,8.03,8.22,8.18,7.22,7.26,7.02,6.64,7.05,6.61,6.51,7.19,6.92,6.84,7.17,7.15,6.49
W92000004,Wales,W06000010,Carmarthenshire,2.67,2.72,,3,2.72,2.81,2.96,3.76,5.09,6.1,6.53,6.35,6.27,5.65,5.75,5.7,5.49,5.17,5.22,5.57,5.75,5.12,5.33,5.53,5.03
W92000004,Wales,W06000011,Swansea,3.05,3.1,,3.01,3.19,3.42,3.42,4.34,5.44,6.24,6.54,6.99,6.72,6.07,5.95,5.48,5.46,5.39,5.57,5.62,5.75,5.59,5.48,5.51,5.73
W92000004,Wales,W06000012,Neath Port Talbot,2.19,2,,2.14,2.07,2.09,2.13,2.31,3.2,3.73,3.76,4.18,4.1,4.03,3.52,3.74,3.66,3.89,3.69,3.65,3.65,3.81,3.59,3.78,4.24
W92000004,Wales,W06000013,Bridgend,3.24,3.15,,3.13,3.35,3.13,3.37,3.97,4.93,5.18,5.53,5.56,5.3,5.02,4.99,5.1,4.55,4.86,4.8,5,5.35,5.55,5.05,5.38,6.33
W92000004,Wales,W06000014,Vale of Glamorgan,3.49,3.68,,3.97,3.87,3.69,4.14,5.16,6.01,6.08,6.58,6.31,6.45,6.37,6.27,6.18,6.3,7.23,8.16,7.74,7.97,8.33,8.66,7.87,8.78
W92000004,Wales,W06000015,Cardiff,3.33,3.58,,3.75,3.94,4.16,4.91,5.99,6.45,6.76,6.96,7.07,6.94,6.13,6.51,6.2,6.27,6.27,6.23,6.45,6.53,6.52,7.03,7.04,7.36
W92000004,Wales,W06000016,Rhondda Cynon Taf,2.47,2.4,,2.42,2.5,2.54,2.47,2.91,3.58,4.43,4.51,4.73,4.49,4.07,4.06,3.92,4.05,3.79,3.8,4.13,4.28,4.11,4.4,4.14,4.15
W92000004,Wales,W06000024,Merthyr Tydfil,1.92,2.09,,2.27,2.36,2.18,2.28,2.27,3.02,3.85,4.48,5.02,4.71,4.34,4.4,4.03,4.08,3.93,4.37,4.25,3.83,4.14,3.78,4.09,4.58
W92000004,Wales,W06000018,Caerphilly,2.74,2.71,,2.78,2.7,2.99,3.06,3.78,4.62,5.18,5.96,5.88,5.69,4.79,4.88,4.9,4.82,4.71,5.02,4.93,4.8,4.78,5.07,5.09,4.99
W92000004,Wales,W06000019,Blaenau Gwent,2.21,2.02,,2.09,2.18,2.09,2.33,2.28,3.1,3.79,4.29,4.49,5.05,3.73,3.9,3.63,3.6,3.52,3.51,3.38,3.73,3.39,3.59,3.24,3.03
W92000004,Wales,W06000020,Torfaen,2.46,2.63,,2.69,2.84,2.72,3.05,3.62,4.5,4.64,5.02,5.83,5.71,5.14,5.16,5.48,5.39,4.93,5.1,4.96,4.84,4.85,5.31,5.38,5.4
W92000004,Wales,W06000021,Monmouthshire,4.15,4.72,,4.62,5.3,5.93,6.97,6.75,7.95,8.44,8.77,9.65,8.63,7.84,8.1,8.09,8.5,7.88,8.17,8.93,8.51,8.42,8.66,8.74,8.23
W92000004,Wales,W06000022,Newport,2.87,2.67,,2.9,3.15,3.25,3.77,4.44,5.36,5.75,5.81,5.9,5.66,5.34,5.24,5.07,5.19,5.23,5.48,5.96,6.11,6,6.08,6.18,6.18
